{
  "learning_rate": 0.000590120167916659,
  "beta1": 0.737199286155609,
  "beta2": 0.05919391544031072,
  "warmup_steps": 9999,
  "weight_decay": 0.14128519778326312
}