{
  "learning_rate": 0.0014446807792420305,
  "beta1": 0.7427148812902895,
  "beta2": 0.8993064520764248,
  "warmup_steps": 3000,
  "weight_decay": 0.06875136511682291
}