{
  "learning_rate": 0.0007852999990476642,
  "beta1": 0.6994142393023162,
  "beta2": 0.9918636824608852,
  "warmup_steps": 6000,
  "weight_decay": 0.07286322158086678
}