accumulated_eval_time,accumulated_logging_time,accumulated_submission_time,global_step,preemption_count,score,test/loss,test/num_examples,total_duration,train/loss,validation/loss,validation/num_examples
768.303056716919,0.0,22.50787854194641,1,0,22.50787854194641,0.2779962760279605,95000000,790.8110022544861,0.2794709736071292,0.276957174228661,83274637
1346.0121476650238,0.0256497859954834,1223.0022394657135,1628,0,1223.0022394657135,0.1285238505756579,95000000,2569.092211723328,0.1233144176175009,0.1259228484669798,83274637
1927.625338315964,0.046931505203247,2423.571115732193,3255,0,2423.571115732193,0.127436289895148,95000000,4351.347690105438,0.1222765801837609,0.1251108604915023,83274637
2461.0660376548767,0.0688593387603759,3624.193957090378,4873,0,3624.193957090378,0.1268636642475329,95000000,6085.485552072525,0.1237271045270206,0.1246584446421844,83274637
3016.6875755786896,0.0937163829803466,4824.240904569626,6500,0,4824.240904569626,0.1265818964638158,95000000,7841.23161315918,0.1232163001250171,0.1242653692928286,83274637
3454.746017217636,0.1142771244049072,6024.753791093826,8127,0,6024.753791093826,0.1261015959703947,95000000,9479.876306295397,0.1231090612475227,0.1237562371669359,83274637
3783.647702217102,0.1348562240600586,7225.158451557159,9740,0,7225.158451557159,0.12610159597039475,95000000,11009.255403518677,0.12243893550439451,0.12375623716693596,83274637
